{"arima_environment": [[1, 2, 1], 3.1574256811829193], "arima_energy": [[2, 1, 2], 2613.0169685956607], "arima_finance": [[2, 2, 1], 595.6818988829195], "finance_dfarima": {"d": 1, "p": 0.9914958358938257}, "environment_dfarima": {"d": 1, "p": 0.760444269150121}, "energy_dfarima": {"d": 0, "p": 2.3924187470182788e-29}, "environment_ann": {"loss": 15.791674613952637}, "energy_ann": {"loss": 6079678.0}, "finance_ann": {"loss": 292080.46875}, "finance_svr": {"rmse": 199.1997645729549, "best_params": {"C": 100, "gamma": "auto", "kernel": "rbf"}, "model": "saved"}, "enviroment_svr": {"rmse": 2.230234698492288, "best_params": {"C": 100, "gamma": "scale", "kernel": "rbf"}, "model": "saved"}, "engery_svr": {"rmse": 2547.015096204535, "best_params": {"C": 100, "gamma": "auto", "kernel": "rbf"}, "model": "saved"}, "finance_lstm": {"rmse": 2910.0293792937723, "model": "saved"}, "enviroment_lstm": {"rmse": 8.435306356881032, "model": "saved"}, "energy_lstm": {"rmse": 2429.519522255356, "model": "saved"}, "environment_arima_ann": {"loss": 53.78253173828125}, "energy_arima_ann": {"loss": 83921.859375}, "finance_arima_ann": {"loss": 672.6235961914062}}